USE [Tecmed_Spectrum]
GO
/****** Object:  Table [Common].[Permissions]    Script Date: 01/11/2016 07:51:59 ******/
INSERT [Common].[Permissions] ([ActivityName]) VALUES (N'Create customer details')
INSERT [Common].[Permissions] ([ActivityName]) VALUES (N'Create installed base details')
INSERT [Common].[Permissions] ([ActivityName]) VALUES (N'Create Permissions')
INSERT [Common].[Permissions] ([ActivityName]) VALUES (N'Delete Permissions')
INSERT [Common].[Permissions] ([ActivityName]) VALUES (N'Manage Roles')
INSERT [Common].[Permissions] ([ActivityName]) VALUES (N'Manage Users')
INSERT [Common].[Permissions] ([ActivityName]) VALUES (N'Update customer details')
INSERT [Common].[Permissions] ([ActivityName]) VALUES (N'Update documents')
INSERT [Common].[Permissions] ([ActivityName]) VALUES (N'Update installed base details')
INSERT [Common].[Permissions] ([ActivityName]) VALUES (N'Update Supercede documents ')
INSERT [Common].[Permissions] ([ActivityName]) VALUES (N'Upload Documents')
INSERT [Common].[Permissions] ([ActivityName]) VALUES (N'Upload Supercede documents ')
INSERT [Common].[Permissions] ([ActivityName]) VALUES (N'View customer details')
INSERT [Common].[Permissions] ([ActivityName]) VALUES (N'View documents')
INSERT [Common].[Permissions] ([ActivityName]) VALUES (N'View installed base details')
INSERT [Common].[Permissions] ([ActivityName]) VALUES (N'View Supercede documents ')
/****** Object:  Table [Common].[Msgs]    Script Date: 01/11/2016 07:51:59 ******/
/****** Object:  Table [Common].[Roles]    Script Date: 01/11/2016 07:51:59 ******/
INSERT [Common].[Roles] ([RoleName]) VALUES (N'ASSISTANT COMMERCIAL SERVICE MANAGER')
INSERT [Common].[Roles] ([RoleName]) VALUES (N'COMMERCIAL ASSISTANT MANAGER')
INSERT [Common].[Roles] ([RoleName]) VALUES (N'COMMERCIAL DEPARTMENT CLERKS')
INSERT [Common].[Roles] ([RoleName]) VALUES (N'CREDITORS / DEBTORS DEPARTMENT CLERKS')
INSERT [Common].[Roles] ([RoleName]) VALUES (N'CREDITORS / DEBTORS DEPARTMENT MANAGER')
INSERT [Common].[Roles] ([RoleName]) VALUES (N'DEPARTMENT COMMERCIAL MANAGER')
INSERT [Common].[Roles] ([RoleName]) VALUES (N'Dev')
INSERT [Common].[Roles] ([RoleName]) VALUES (N'DIVISIONAL PRODUCT MANAGERS / SPECIALIST')
INSERT [Common].[Roles] ([RoleName]) VALUES (N'GROUP ACCOUNTANT')
INSERT [Common].[Roles] ([RoleName]) VALUES (N'GROUP COMMERCIAL MANAGER')
INSERT [Common].[Roles] ([RoleName]) VALUES (N'GROUP COMMERCIAL SERVICE MANAGER')
INSERT [Common].[Roles] ([RoleName]) VALUES (N'GROUP DIVISIONAL DIRECTOR')
INSERT [Common].[Roles] ([RoleName]) VALUES (N'GROUP DIVISIONAL MANAGER ')
INSERT [Common].[Roles] ([RoleName]) VALUES (N'GROUP FINANCIAL DIRECTOR')
INSERT [Common].[Roles] ([RoleName]) VALUES (N'GROUP FINANCIAL MANAGER')
INSERT [Common].[Roles] ([RoleName]) VALUES (N'GROUP QUALITY ASSURANCE MANAGER')
INSERT [Common].[Roles] ([RoleName]) VALUES (N'GROUP TENDER MANAGER')
INSERT [Common].[Roles] ([RoleName]) VALUES (N'MODALITY SENIOR SERVICE ENGINEER')
INSERT [Common].[Roles] ([RoleName]) VALUES (N'MODALITY SERVICE ENGINEER')
INSERT [Common].[Roles] ([RoleName]) VALUES (N'MODALITY SERVICE MANAGER')
INSERT [Common].[Roles] ([RoleName]) VALUES (N'MODALITY TRAINEE SERVICE ENGINEER ')
INSERT [Common].[Roles] ([RoleName]) VALUES (N'NON-OPERATIONAL DIRECTOR')
INSERT [Common].[Roles] ([RoleName]) VALUES (N'OPERATIONAL DIRECTOR')
INSERT [Common].[Roles] ([RoleName]) VALUES (N'REGIONAL SALES ACCOUNT MANAGER')
INSERT [Common].[Roles] ([RoleName]) VALUES (N'REGIONAL SALES REPRESENTATIVE')
INSERT [Common].[Roles] ([RoleName]) VALUES (N'REGIONAL TECHNICAL INSPECTOR')
INSERT [Common].[Roles] ([RoleName]) VALUES (N'REGIONAL TECHNICAL INSPECTOR MANAGER')
INSERT [Common].[Roles] ([RoleName]) VALUES (N'SERVICE DEPARTMENT CLERKS')
INSERT [Common].[Roles] ([RoleName]) VALUES (N'SPECTRUM SYSTEM ADMINISTRATOR')
INSERT [Common].[Roles] ([RoleName]) VALUES (N'SYSTEM ADMINISTRATOR')
INSERT [Common].[Roles] ([RoleName]) VALUES (N'TENDER DEPARTMENT CLERKS')
/****** Object:  Table [Common].[SubSystems]    Script Date: 01/11/2016 07:51:59 ******/
INSERT [Common].[SubSystems] ([ID], [SubSystemName], [SystemUrl]) VALUES (1, N'Web Main', N'http://41.76.211.71/TecmedSpectrumStaging/')
INSERT [Common].[SubSystems] ([ID], [SubSystemName], [SystemUrl]) VALUES (2, N'TOPS', N'#')
INSERT [Common].[SubSystems] ([ID], [SubSystemName], [SystemUrl]) VALUES (3, N'EWC', N'#')
/****** Object:  Table [Common].[Users]    Script Date: 01/11/2016 07:51:59 ******/

Delete from Common.Users
INSERT [Common].[Users] ([UserName], [EmailAddress], [Password], [AuthenticationToken], [Firstname], [Surname], [PasswordExpiryDate], [IsActive]) VALUES (N'demo', N'demo@mcronje.com', N'demo', NULL, NULL, NULL, CAST(0x0000A5BA00000000 AS DateTime), 1)
INSERT [Common].[Users] ([UserName], [EmailAddress], [Password], [AuthenticationToken], [Firstname], [Surname], [PasswordExpiryDate], [IsActive]) VALUES (N'DevMC', N'morne@corporatewebservices.co.za', N'devmc', N'bbb720c4-5f77-4359-a2e6-efbeaf060edc', N'Morne', N'Cronje', CAST(0x0000A5BA00000000 AS DateTime), 1)
INSERT [Common].[Users] ([UserName], [EmailAddress], [Password], [AuthenticationToken], [Firstname], [Surname], [PasswordExpiryDate], [IsActive]) VALUES (N'JPKoch', N'jp@cws.tech', N'jeanpierre', N'5c064fe3-eeb8-4ad8-9c1b-cd67bbd2e423', N'Jean-Pierre', N'Koch', CAST(0x0000A5BA00000000 AS DateTime), 1)
INSERT [Common].[Users] ([UserName], [EmailAddress], [Password], [AuthenticationToken], [Firstname], [Surname], [PasswordExpiryDate], [IsActive]) VALUES (N'Neil.Osborn', N'neil@tecmed.co.za', N'eagle1', N'd6c8b911-cc91-4491-a9a9-9bd6207e1fdc', N'Neil', N'Osborn', CAST(0x0000A5BA00000000 AS DateTime), 1)
INSERT [Common].[Users] ([UserName], [EmailAddress], [Password], [AuthenticationToken], [Firstname], [Surname], [PasswordExpiryDate], [IsActive]) VALUES (N'report', N'report@mcronje.com', N'report', NULL, NULL, NULL, CAST(0x0000A5BA00000000 AS DateTime), 1)
/****** Object:  Table [Common].[UsersInRoles]    Script Date: 01/11/2016 07:51:59 ******/
INSERT [Common].[UsersInRoles] ([UserName], [RoleName]) VALUES (N'DevMC', N'Dev')
INSERT [Common].[UsersInRoles] ([UserName], [RoleName]) VALUES (N'JPKoch', N'Dev')
INSERT [Common].[UsersInRoles] ([UserName], [RoleName]) VALUES (N'JPKoch', N'SPECTRUM SYSTEM ADMINISTRATOR')
INSERT [Common].[UsersInRoles] ([UserName], [RoleName]) VALUES (N'Neil.Osborn', N'SPECTRUM SYSTEM ADMINISTRATOR')
/****** Object:  Table [Common].[MenuItems]    Script Date: 01/11/2016 07:51:59 ******/
SET IDENTITY_INSERT [Common].[MenuItems] ON
INSERT [Common].[MenuItems] ([ID], [systemID], [MenuItemLabel], [MenuItemRelativeUrl], [MenuCss], [DisplayOrder]) VALUES (1, 1, N'Customers', N'#', N'lime   ', 100)
INSERT [Common].[MenuItems] ([ID], [systemID], [MenuItemLabel], [MenuItemRelativeUrl], [MenuCss], [DisplayOrder]) VALUES (2, 1, N'Documents', N'#', N'sky    ', 200)
INSERT [Common].[MenuItems] ([ID], [systemID], [MenuItemLabel], [MenuItemRelativeUrl], [MenuCss], [DisplayOrder]) VALUES (3, 1, N'Admin', N'#', N'steel  ', 10000)
INSERT [Common].[MenuItems] ([ID], [systemID], [MenuItemLabel], [MenuItemRelativeUrl], [MenuCss], [DisplayOrder]) VALUES (4, 2, N'TOPS', N'#', N'rose   ', 400)
INSERT [Common].[MenuItems] ([ID], [systemID], [MenuItemLabel], [MenuItemRelativeUrl], [MenuCss], [DisplayOrder]) VALUES (7, 3, N'Warranties', N'#', N'navy   ', 500)
SET IDENTITY_INSERT [Common].[MenuItems] OFF
/****** Object:  Table [Common].[PermissionsInRoles]    Script Date: 01/11/2016 07:51:59 ******/
INSERT [Common].[PermissionsInRoles] ([RoleName], [PermissionName]) VALUES (N'ASSISTANT COMMERCIAL SERVICE MANAGER', N'Update customer details')
INSERT [Common].[PermissionsInRoles] ([RoleName], [PermissionName]) VALUES (N'ASSISTANT COMMERCIAL SERVICE MANAGER', N'Update documents')
INSERT [Common].[PermissionsInRoles] ([RoleName], [PermissionName]) VALUES (N'ASSISTANT COMMERCIAL SERVICE MANAGER', N'Update installed base details')
INSERT [Common].[PermissionsInRoles] ([RoleName], [PermissionName]) VALUES (N'ASSISTANT COMMERCIAL SERVICE MANAGER', N'Update Supercede documents ')
INSERT [Common].[PermissionsInRoles] ([RoleName], [PermissionName]) VALUES (N'ASSISTANT COMMERCIAL SERVICE MANAGER', N'View customer details')
INSERT [Common].[PermissionsInRoles] ([RoleName], [PermissionName]) VALUES (N'ASSISTANT COMMERCIAL SERVICE MANAGER', N'View documents')
INSERT [Common].[PermissionsInRoles] ([RoleName], [PermissionName]) VALUES (N'ASSISTANT COMMERCIAL SERVICE MANAGER', N'View installed base details')
INSERT [Common].[PermissionsInRoles] ([RoleName], [PermissionName]) VALUES (N'ASSISTANT COMMERCIAL SERVICE MANAGER', N'View Supercede documents ')
INSERT [Common].[PermissionsInRoles] ([RoleName], [PermissionName]) VALUES (N'COMMERCIAL ASSISTANT MANAGER', N'Update documents')
INSERT [Common].[PermissionsInRoles] ([RoleName], [PermissionName]) VALUES (N'COMMERCIAL ASSISTANT MANAGER', N'Update Supercede documents ')
INSERT [Common].[PermissionsInRoles] ([RoleName], [PermissionName]) VALUES (N'COMMERCIAL ASSISTANT MANAGER', N'View customer details')
INSERT [Common].[PermissionsInRoles] ([RoleName], [PermissionName]) VALUES (N'COMMERCIAL ASSISTANT MANAGER', N'View documents')
INSERT [Common].[PermissionsInRoles] ([RoleName], [PermissionName]) VALUES (N'COMMERCIAL ASSISTANT MANAGER', N'View installed base details')
INSERT [Common].[PermissionsInRoles] ([RoleName], [PermissionName]) VALUES (N'COMMERCIAL ASSISTANT MANAGER', N'View Supercede documents ')
INSERT [Common].[PermissionsInRoles] ([RoleName], [PermissionName]) VALUES (N'COMMERCIAL DEPARTMENT CLERKS', N'View customer details')
INSERT [Common].[PermissionsInRoles] ([RoleName], [PermissionName]) VALUES (N'COMMERCIAL DEPARTMENT CLERKS', N'View documents')
INSERT [Common].[PermissionsInRoles] ([RoleName], [PermissionName]) VALUES (N'COMMERCIAL DEPARTMENT CLERKS', N'View installed base details')
INSERT [Common].[PermissionsInRoles] ([RoleName], [PermissionName]) VALUES (N'CREDITORS / DEBTORS DEPARTMENT CLERKS', N'View customer details')
INSERT [Common].[PermissionsInRoles] ([RoleName], [PermissionName]) VALUES (N'CREDITORS / DEBTORS DEPARTMENT CLERKS', N'View documents')
INSERT [Common].[PermissionsInRoles] ([RoleName], [PermissionName]) VALUES (N'CREDITORS / DEBTORS DEPARTMENT CLERKS', N'View installed base details')
INSERT [Common].[PermissionsInRoles] ([RoleName], [PermissionName]) VALUES (N'CREDITORS / DEBTORS DEPARTMENT MANAGER', N'Update customer details')
INSERT [Common].[PermissionsInRoles] ([RoleName], [PermissionName]) VALUES (N'CREDITORS / DEBTORS DEPARTMENT MANAGER', N'Update documents')
INSERT [Common].[PermissionsInRoles] ([RoleName], [PermissionName]) VALUES (N'CREDITORS / DEBTORS DEPARTMENT MANAGER', N'Update Supercede documents ')
INSERT [Common].[PermissionsInRoles] ([RoleName], [PermissionName]) VALUES (N'CREDITORS / DEBTORS DEPARTMENT MANAGER', N'View customer details')
INSERT [Common].[PermissionsInRoles] ([RoleName], [PermissionName]) VALUES (N'CREDITORS / DEBTORS DEPARTMENT MANAGER', N'View documents')
INSERT [Common].[PermissionsInRoles] ([RoleName], [PermissionName]) VALUES (N'CREDITORS / DEBTORS DEPARTMENT MANAGER', N'View installed base details')
INSERT [Common].[PermissionsInRoles] ([RoleName], [PermissionName]) VALUES (N'CREDITORS / DEBTORS DEPARTMENT MANAGER', N'View Supercede documents ')
INSERT [Common].[PermissionsInRoles] ([RoleName], [PermissionName]) VALUES (N'DEPARTMENT COMMERCIAL MANAGER', N'Update customer details')
INSERT [Common].[PermissionsInRoles] ([RoleName], [PermissionName]) VALUES (N'DEPARTMENT COMMERCIAL MANAGER', N'Update documents')
INSERT [Common].[PermissionsInRoles] ([RoleName], [PermissionName]) VALUES (N'DEPARTMENT COMMERCIAL MANAGER', N'Update Supercede documents ')
INSERT [Common].[PermissionsInRoles] ([RoleName], [PermissionName]) VALUES (N'DEPARTMENT COMMERCIAL MANAGER', N'Upload Documents')
INSERT [Common].[PermissionsInRoles] ([RoleName], [PermissionName]) VALUES (N'DEPARTMENT COMMERCIAL MANAGER', N'Upload Supercede documents ')
INSERT [Common].[PermissionsInRoles] ([RoleName], [PermissionName]) VALUES (N'DEPARTMENT COMMERCIAL MANAGER', N'View customer details')
INSERT [Common].[PermissionsInRoles] ([RoleName], [PermissionName]) VALUES (N'DEPARTMENT COMMERCIAL MANAGER', N'View documents')
INSERT [Common].[PermissionsInRoles] ([RoleName], [PermissionName]) VALUES (N'DEPARTMENT COMMERCIAL MANAGER', N'View installed base details')
INSERT [Common].[PermissionsInRoles] ([RoleName], [PermissionName]) VALUES (N'DEPARTMENT COMMERCIAL MANAGER', N'View Supercede documents ')
INSERT [Common].[PermissionsInRoles] ([RoleName], [PermissionName]) VALUES (N'Dev', N'Create customer details')
INSERT [Common].[PermissionsInRoles] ([RoleName], [PermissionName]) VALUES (N'Dev', N'Create installed base details')
INSERT [Common].[PermissionsInRoles] ([RoleName], [PermissionName]) VALUES (N'Dev', N'Create Permissions')
INSERT [Common].[PermissionsInRoles] ([RoleName], [PermissionName]) VALUES (N'Dev', N'Delete Permissions')
INSERT [Common].[PermissionsInRoles] ([RoleName], [PermissionName]) VALUES (N'Dev', N'Manage Roles')
INSERT [Common].[PermissionsInRoles] ([RoleName], [PermissionName]) VALUES (N'Dev', N'Manage Users')
INSERT [Common].[PermissionsInRoles] ([RoleName], [PermissionName]) VALUES (N'Dev', N'Update customer details')
INSERT [Common].[PermissionsInRoles] ([RoleName], [PermissionName]) VALUES (N'Dev', N'Update documents')
INSERT [Common].[PermissionsInRoles] ([RoleName], [PermissionName]) VALUES (N'Dev', N'Update installed base details')
INSERT [Common].[PermissionsInRoles] ([RoleName], [PermissionName]) VALUES (N'Dev', N'Update Supercede documents ')
INSERT [Common].[PermissionsInRoles] ([RoleName], [PermissionName]) VALUES (N'Dev', N'Upload Documents')
INSERT [Common].[PermissionsInRoles] ([RoleName], [PermissionName]) VALUES (N'Dev', N'Upload Supercede documents ')
INSERT [Common].[PermissionsInRoles] ([RoleName], [PermissionName]) VALUES (N'Dev', N'View customer details')
INSERT [Common].[PermissionsInRoles] ([RoleName], [PermissionName]) VALUES (N'Dev', N'View documents')
INSERT [Common].[PermissionsInRoles] ([RoleName], [PermissionName]) VALUES (N'Dev', N'View installed base details')
INSERT [Common].[PermissionsInRoles] ([RoleName], [PermissionName]) VALUES (N'Dev', N'View Supercede documents ')
INSERT [Common].[PermissionsInRoles] ([RoleName], [PermissionName]) VALUES (N'DIVISIONAL PRODUCT MANAGERS / SPECIALIST', N'Update customer details')
INSERT [Common].[PermissionsInRoles] ([RoleName], [PermissionName]) VALUES (N'DIVISIONAL PRODUCT MANAGERS / SPECIALIST', N'Update documents')
INSERT [Common].[PermissionsInRoles] ([RoleName], [PermissionName]) VALUES (N'DIVISIONAL PRODUCT MANAGERS / SPECIALIST', N'Update Supercede documents ')
INSERT [Common].[PermissionsInRoles] ([RoleName], [PermissionName]) VALUES (N'DIVISIONAL PRODUCT MANAGERS / SPECIALIST', N'Upload Documents')
INSERT [Common].[PermissionsInRoles] ([RoleName], [PermissionName]) VALUES (N'DIVISIONAL PRODUCT MANAGERS / SPECIALIST', N'Upload Supercede documents ')
INSERT [Common].[PermissionsInRoles] ([RoleName], [PermissionName]) VALUES (N'DIVISIONAL PRODUCT MANAGERS / SPECIALIST', N'View customer details')
INSERT [Common].[PermissionsInRoles] ([RoleName], [PermissionName]) VALUES (N'DIVISIONAL PRODUCT MANAGERS / SPECIALIST', N'View documents')
INSERT [Common].[PermissionsInRoles] ([RoleName], [PermissionName]) VALUES (N'DIVISIONAL PRODUCT MANAGERS / SPECIALIST', N'View installed base details')
INSERT [Common].[PermissionsInRoles] ([RoleName], [PermissionName]) VALUES (N'DIVISIONAL PRODUCT MANAGERS / SPECIALIST', N'View Supercede documents ')
INSERT [Common].[PermissionsInRoles] ([RoleName], [PermissionName]) VALUES (N'GROUP ACCOUNTANT', N'Create customer details')
INSERT [Common].[PermissionsInRoles] ([RoleName], [PermissionName]) VALUES (N'GROUP ACCOUNTANT', N'Update customer details')
INSERT [Common].[PermissionsInRoles] ([RoleName], [PermissionName]) VALUES (N'GROUP ACCOUNTANT', N'Update documents')
INSERT [Common].[PermissionsInRoles] ([RoleName], [PermissionName]) VALUES (N'GROUP ACCOUNTANT', N'Update Supercede documents ')
INSERT [Common].[PermissionsInRoles] ([RoleName], [PermissionName]) VALUES (N'GROUP ACCOUNTANT', N'Upload Documents')
INSERT [Common].[PermissionsInRoles] ([RoleName], [PermissionName]) VALUES (N'GROUP ACCOUNTANT', N'Upload Supercede documents ')
INSERT [Common].[PermissionsInRoles] ([RoleName], [PermissionName]) VALUES (N'GROUP ACCOUNTANT', N'View customer details')
INSERT [Common].[PermissionsInRoles] ([RoleName], [PermissionName]) VALUES (N'GROUP ACCOUNTANT', N'View documents')
INSERT [Common].[PermissionsInRoles] ([RoleName], [PermissionName]) VALUES (N'GROUP ACCOUNTANT', N'View installed base details')
INSERT [Common].[PermissionsInRoles] ([RoleName], [PermissionName]) VALUES (N'GROUP ACCOUNTANT', N'View Supercede documents ')
INSERT [Common].[PermissionsInRoles] ([RoleName], [PermissionName]) VALUES (N'GROUP COMMERCIAL MANAGER', N'Create customer details')
INSERT [Common].[PermissionsInRoles] ([RoleName], [PermissionName]) VALUES (N'GROUP COMMERCIAL MANAGER', N'Update customer details')
INSERT [Common].[PermissionsInRoles] ([RoleName], [PermissionName]) VALUES (N'GROUP COMMERCIAL MANAGER', N'Update documents')
INSERT [Common].[PermissionsInRoles] ([RoleName], [PermissionName]) VALUES (N'GROUP COMMERCIAL MANAGER', N'Update Supercede documents ')
INSERT [Common].[PermissionsInRoles] ([RoleName], [PermissionName]) VALUES (N'GROUP COMMERCIAL MANAGER', N'Upload Documents')
INSERT [Common].[PermissionsInRoles] ([RoleName], [PermissionName]) VALUES (N'GROUP COMMERCIAL MANAGER', N'Upload Supercede documents ')
INSERT [Common].[PermissionsInRoles] ([RoleName], [PermissionName]) VALUES (N'GROUP COMMERCIAL MANAGER', N'View customer details')
INSERT [Common].[PermissionsInRoles] ([RoleName], [PermissionName]) VALUES (N'GROUP COMMERCIAL MANAGER', N'View documents')
INSERT [Common].[PermissionsInRoles] ([RoleName], [PermissionName]) VALUES (N'GROUP COMMERCIAL MANAGER', N'View installed base details')
INSERT [Common].[PermissionsInRoles] ([RoleName], [PermissionName]) VALUES (N'GROUP COMMERCIAL MANAGER', N'View Supercede documents ')
INSERT [Common].[PermissionsInRoles] ([RoleName], [PermissionName]) VALUES (N'GROUP COMMERCIAL SERVICE MANAGER', N'Create customer details')
INSERT [Common].[PermissionsInRoles] ([RoleName], [PermissionName]) VALUES (N'GROUP COMMERCIAL SERVICE MANAGER', N'Create installed base details')
INSERT [Common].[PermissionsInRoles] ([RoleName], [PermissionName]) VALUES (N'GROUP COMMERCIAL SERVICE MANAGER', N'Update customer details')
INSERT [Common].[PermissionsInRoles] ([RoleName], [PermissionName]) VALUES (N'GROUP COMMERCIAL SERVICE MANAGER', N'Update documents')
INSERT [Common].[PermissionsInRoles] ([RoleName], [PermissionName]) VALUES (N'GROUP COMMERCIAL SERVICE MANAGER', N'Update installed base details')
INSERT [Common].[PermissionsInRoles] ([RoleName], [PermissionName]) VALUES (N'GROUP COMMERCIAL SERVICE MANAGER', N'Update Supercede documents ')
INSERT [Common].[PermissionsInRoles] ([RoleName], [PermissionName]) VALUES (N'GROUP COMMERCIAL SERVICE MANAGER', N'Upload Documents')
INSERT [Common].[PermissionsInRoles] ([RoleName], [PermissionName]) VALUES (N'GROUP COMMERCIAL SERVICE MANAGER', N'Upload Supercede documents ')
INSERT [Common].[PermissionsInRoles] ([RoleName], [PermissionName]) VALUES (N'GROUP COMMERCIAL SERVICE MANAGER', N'View customer details')
INSERT [Common].[PermissionsInRoles] ([RoleName], [PermissionName]) VALUES (N'GROUP COMMERCIAL SERVICE MANAGER', N'View documents')
INSERT [Common].[PermissionsInRoles] ([RoleName], [PermissionName]) VALUES (N'GROUP COMMERCIAL SERVICE MANAGER', N'View installed base details')
INSERT [Common].[PermissionsInRoles] ([RoleName], [PermissionName]) VALUES (N'GROUP COMMERCIAL SERVICE MANAGER', N'View Supercede documents ')
INSERT [Common].[PermissionsInRoles] ([RoleName], [PermissionName]) VALUES (N'GROUP DIVISIONAL DIRECTOR', N'Update customer details')
INSERT [Common].[PermissionsInRoles] ([RoleName], [PermissionName]) VALUES (N'GROUP DIVISIONAL DIRECTOR', N'Update documents')
INSERT [Common].[PermissionsInRoles] ([RoleName], [PermissionName]) VALUES (N'GROUP DIVISIONAL DIRECTOR', N'Update Supercede documents ')
INSERT [Common].[PermissionsInRoles] ([RoleName], [PermissionName]) VALUES (N'GROUP DIVISIONAL DIRECTOR', N'Upload Documents')
INSERT [Common].[PermissionsInRoles] ([RoleName], [PermissionName]) VALUES (N'GROUP DIVISIONAL DIRECTOR', N'Upload Supercede documents ')
INSERT [Common].[PermissionsInRoles] ([RoleName], [PermissionName]) VALUES (N'GROUP DIVISIONAL DIRECTOR', N'View customer details')
INSERT [Common].[PermissionsInRoles] ([RoleName], [PermissionName]) VALUES (N'GROUP DIVISIONAL DIRECTOR', N'View documents')
INSERT [Common].[PermissionsInRoles] ([RoleName], [PermissionName]) VALUES (N'GROUP DIVISIONAL DIRECTOR', N'View installed base details')
GO
print 'Processed 100 total records'
INSERT [Common].[PermissionsInRoles] ([RoleName], [PermissionName]) VALUES (N'GROUP DIVISIONAL DIRECTOR', N'View Supercede documents ')
INSERT [Common].[PermissionsInRoles] ([RoleName], [PermissionName]) VALUES (N'GROUP DIVISIONAL MANAGER ', N'Update customer details')
INSERT [Common].[PermissionsInRoles] ([RoleName], [PermissionName]) VALUES (N'GROUP DIVISIONAL MANAGER ', N'Update documents')
INSERT [Common].[PermissionsInRoles] ([RoleName], [PermissionName]) VALUES (N'GROUP DIVISIONAL MANAGER ', N'Update Supercede documents ')
INSERT [Common].[PermissionsInRoles] ([RoleName], [PermissionName]) VALUES (N'GROUP DIVISIONAL MANAGER ', N'Upload Documents')
INSERT [Common].[PermissionsInRoles] ([RoleName], [PermissionName]) VALUES (N'GROUP DIVISIONAL MANAGER ', N'Upload Supercede documents ')
INSERT [Common].[PermissionsInRoles] ([RoleName], [PermissionName]) VALUES (N'GROUP DIVISIONAL MANAGER ', N'View customer details')
INSERT [Common].[PermissionsInRoles] ([RoleName], [PermissionName]) VALUES (N'GROUP DIVISIONAL MANAGER ', N'View documents')
INSERT [Common].[PermissionsInRoles] ([RoleName], [PermissionName]) VALUES (N'GROUP DIVISIONAL MANAGER ', N'View installed base details')
INSERT [Common].[PermissionsInRoles] ([RoleName], [PermissionName]) VALUES (N'GROUP DIVISIONAL MANAGER ', N'View Supercede documents ')
INSERT [Common].[PermissionsInRoles] ([RoleName], [PermissionName]) VALUES (N'GROUP FINANCIAL DIRECTOR', N'View customer details')
INSERT [Common].[PermissionsInRoles] ([RoleName], [PermissionName]) VALUES (N'GROUP FINANCIAL DIRECTOR', N'View documents')
INSERT [Common].[PermissionsInRoles] ([RoleName], [PermissionName]) VALUES (N'GROUP FINANCIAL DIRECTOR', N'View installed base details')
INSERT [Common].[PermissionsInRoles] ([RoleName], [PermissionName]) VALUES (N'GROUP FINANCIAL MANAGER', N'Update customer details')
INSERT [Common].[PermissionsInRoles] ([RoleName], [PermissionName]) VALUES (N'GROUP FINANCIAL MANAGER', N'Update documents')
INSERT [Common].[PermissionsInRoles] ([RoleName], [PermissionName]) VALUES (N'GROUP FINANCIAL MANAGER', N'Update installed base details')
INSERT [Common].[PermissionsInRoles] ([RoleName], [PermissionName]) VALUES (N'GROUP FINANCIAL MANAGER', N'View customer details')
INSERT [Common].[PermissionsInRoles] ([RoleName], [PermissionName]) VALUES (N'GROUP FINANCIAL MANAGER', N'View documents')
INSERT [Common].[PermissionsInRoles] ([RoleName], [PermissionName]) VALUES (N'GROUP FINANCIAL MANAGER', N'View installed base details')
INSERT [Common].[PermissionsInRoles] ([RoleName], [PermissionName]) VALUES (N'GROUP FINANCIAL MANAGER', N'View Supercede documents ')
INSERT [Common].[PermissionsInRoles] ([RoleName], [PermissionName]) VALUES (N'GROUP QUALITY ASSURANCE MANAGER', N'Create customer details')
INSERT [Common].[PermissionsInRoles] ([RoleName], [PermissionName]) VALUES (N'GROUP QUALITY ASSURANCE MANAGER', N'Create installed base details')
INSERT [Common].[PermissionsInRoles] ([RoleName], [PermissionName]) VALUES (N'GROUP QUALITY ASSURANCE MANAGER', N'Update customer details')
INSERT [Common].[PermissionsInRoles] ([RoleName], [PermissionName]) VALUES (N'GROUP QUALITY ASSURANCE MANAGER', N'Update documents')
INSERT [Common].[PermissionsInRoles] ([RoleName], [PermissionName]) VALUES (N'GROUP QUALITY ASSURANCE MANAGER', N'Update installed base details')
INSERT [Common].[PermissionsInRoles] ([RoleName], [PermissionName]) VALUES (N'GROUP QUALITY ASSURANCE MANAGER', N'Update Supercede documents ')
INSERT [Common].[PermissionsInRoles] ([RoleName], [PermissionName]) VALUES (N'GROUP QUALITY ASSURANCE MANAGER', N'Upload Documents')
INSERT [Common].[PermissionsInRoles] ([RoleName], [PermissionName]) VALUES (N'GROUP QUALITY ASSURANCE MANAGER', N'Upload Supercede documents ')
INSERT [Common].[PermissionsInRoles] ([RoleName], [PermissionName]) VALUES (N'GROUP QUALITY ASSURANCE MANAGER', N'View customer details')
INSERT [Common].[PermissionsInRoles] ([RoleName], [PermissionName]) VALUES (N'GROUP QUALITY ASSURANCE MANAGER', N'View documents')
INSERT [Common].[PermissionsInRoles] ([RoleName], [PermissionName]) VALUES (N'GROUP QUALITY ASSURANCE MANAGER', N'View installed base details')
INSERT [Common].[PermissionsInRoles] ([RoleName], [PermissionName]) VALUES (N'GROUP QUALITY ASSURANCE MANAGER', N'View Supercede documents ')
INSERT [Common].[PermissionsInRoles] ([RoleName], [PermissionName]) VALUES (N'GROUP TENDER MANAGER', N'Update documents')
INSERT [Common].[PermissionsInRoles] ([RoleName], [PermissionName]) VALUES (N'GROUP TENDER MANAGER', N'Update Supercede documents ')
INSERT [Common].[PermissionsInRoles] ([RoleName], [PermissionName]) VALUES (N'GROUP TENDER MANAGER', N'Upload Documents')
INSERT [Common].[PermissionsInRoles] ([RoleName], [PermissionName]) VALUES (N'GROUP TENDER MANAGER', N'Upload Supercede documents ')
INSERT [Common].[PermissionsInRoles] ([RoleName], [PermissionName]) VALUES (N'GROUP TENDER MANAGER', N'View customer details')
INSERT [Common].[PermissionsInRoles] ([RoleName], [PermissionName]) VALUES (N'GROUP TENDER MANAGER', N'View documents')
INSERT [Common].[PermissionsInRoles] ([RoleName], [PermissionName]) VALUES (N'GROUP TENDER MANAGER', N'View installed base details')
INSERT [Common].[PermissionsInRoles] ([RoleName], [PermissionName]) VALUES (N'GROUP TENDER MANAGER', N'View Supercede documents ')
INSERT [Common].[PermissionsInRoles] ([RoleName], [PermissionName]) VALUES (N'MODALITY SENIOR SERVICE ENGINEER', N'Create installed base details')
INSERT [Common].[PermissionsInRoles] ([RoleName], [PermissionName]) VALUES (N'MODALITY SENIOR SERVICE ENGINEER', N'Update documents')
INSERT [Common].[PermissionsInRoles] ([RoleName], [PermissionName]) VALUES (N'MODALITY SENIOR SERVICE ENGINEER', N'Update installed base details')
INSERT [Common].[PermissionsInRoles] ([RoleName], [PermissionName]) VALUES (N'MODALITY SENIOR SERVICE ENGINEER', N'Update Supercede documents ')
INSERT [Common].[PermissionsInRoles] ([RoleName], [PermissionName]) VALUES (N'MODALITY SENIOR SERVICE ENGINEER', N'Upload Documents')
INSERT [Common].[PermissionsInRoles] ([RoleName], [PermissionName]) VALUES (N'MODALITY SENIOR SERVICE ENGINEER', N'Upload Supercede documents ')
INSERT [Common].[PermissionsInRoles] ([RoleName], [PermissionName]) VALUES (N'MODALITY SENIOR SERVICE ENGINEER', N'View customer details')
INSERT [Common].[PermissionsInRoles] ([RoleName], [PermissionName]) VALUES (N'MODALITY SENIOR SERVICE ENGINEER', N'View documents')
INSERT [Common].[PermissionsInRoles] ([RoleName], [PermissionName]) VALUES (N'MODALITY SENIOR SERVICE ENGINEER', N'View installed base details')
INSERT [Common].[PermissionsInRoles] ([RoleName], [PermissionName]) VALUES (N'MODALITY SENIOR SERVICE ENGINEER', N'View Supercede documents ')
INSERT [Common].[PermissionsInRoles] ([RoleName], [PermissionName]) VALUES (N'MODALITY SERVICE ENGINEER', N'Update documents')
INSERT [Common].[PermissionsInRoles] ([RoleName], [PermissionName]) VALUES (N'MODALITY SERVICE ENGINEER', N'Update installed base details')
INSERT [Common].[PermissionsInRoles] ([RoleName], [PermissionName]) VALUES (N'MODALITY SERVICE ENGINEER', N'Update Supercede documents ')
INSERT [Common].[PermissionsInRoles] ([RoleName], [PermissionName]) VALUES (N'MODALITY SERVICE ENGINEER', N'Upload Documents')
INSERT [Common].[PermissionsInRoles] ([RoleName], [PermissionName]) VALUES (N'MODALITY SERVICE ENGINEER', N'Upload Supercede documents ')
INSERT [Common].[PermissionsInRoles] ([RoleName], [PermissionName]) VALUES (N'MODALITY SERVICE ENGINEER', N'View customer details')
INSERT [Common].[PermissionsInRoles] ([RoleName], [PermissionName]) VALUES (N'MODALITY SERVICE ENGINEER', N'View documents')
INSERT [Common].[PermissionsInRoles] ([RoleName], [PermissionName]) VALUES (N'MODALITY SERVICE ENGINEER', N'View installed base details')
INSERT [Common].[PermissionsInRoles] ([RoleName], [PermissionName]) VALUES (N'MODALITY SERVICE ENGINEER', N'View Supercede documents ')
INSERT [Common].[PermissionsInRoles] ([RoleName], [PermissionName]) VALUES (N'MODALITY SERVICE MANAGER', N'Create installed base details')
INSERT [Common].[PermissionsInRoles] ([RoleName], [PermissionName]) VALUES (N'MODALITY SERVICE MANAGER', N'Update documents')
INSERT [Common].[PermissionsInRoles] ([RoleName], [PermissionName]) VALUES (N'MODALITY SERVICE MANAGER', N'Update installed base details')
INSERT [Common].[PermissionsInRoles] ([RoleName], [PermissionName]) VALUES (N'MODALITY SERVICE MANAGER', N'Update Supercede documents ')
INSERT [Common].[PermissionsInRoles] ([RoleName], [PermissionName]) VALUES (N'MODALITY SERVICE MANAGER', N'Upload Documents')
INSERT [Common].[PermissionsInRoles] ([RoleName], [PermissionName]) VALUES (N'MODALITY SERVICE MANAGER', N'Upload Supercede documents ')
INSERT [Common].[PermissionsInRoles] ([RoleName], [PermissionName]) VALUES (N'MODALITY SERVICE MANAGER', N'View customer details')
INSERT [Common].[PermissionsInRoles] ([RoleName], [PermissionName]) VALUES (N'MODALITY SERVICE MANAGER', N'View documents')
INSERT [Common].[PermissionsInRoles] ([RoleName], [PermissionName]) VALUES (N'MODALITY SERVICE MANAGER', N'View installed base details')
INSERT [Common].[PermissionsInRoles] ([RoleName], [PermissionName]) VALUES (N'MODALITY SERVICE MANAGER', N'View Supercede documents ')
INSERT [Common].[PermissionsInRoles] ([RoleName], [PermissionName]) VALUES (N'MODALITY TRAINEE SERVICE ENGINEER ', N'View customer details')
INSERT [Common].[PermissionsInRoles] ([RoleName], [PermissionName]) VALUES (N'MODALITY TRAINEE SERVICE ENGINEER ', N'View documents')
INSERT [Common].[PermissionsInRoles] ([RoleName], [PermissionName]) VALUES (N'MODALITY TRAINEE SERVICE ENGINEER ', N'View installed base details')
INSERT [Common].[PermissionsInRoles] ([RoleName], [PermissionName]) VALUES (N'NON-OPERATIONAL DIRECTOR', N'View customer details')
INSERT [Common].[PermissionsInRoles] ([RoleName], [PermissionName]) VALUES (N'NON-OPERATIONAL DIRECTOR', N'View documents')
INSERT [Common].[PermissionsInRoles] ([RoleName], [PermissionName]) VALUES (N'NON-OPERATIONAL DIRECTOR', N'View installed base details')
INSERT [Common].[PermissionsInRoles] ([RoleName], [PermissionName]) VALUES (N'OPERATIONAL DIRECTOR', N'Create customer details')
INSERT [Common].[PermissionsInRoles] ([RoleName], [PermissionName]) VALUES (N'OPERATIONAL DIRECTOR', N'Update customer details')
INSERT [Common].[PermissionsInRoles] ([RoleName], [PermissionName]) VALUES (N'OPERATIONAL DIRECTOR', N'Update documents')
INSERT [Common].[PermissionsInRoles] ([RoleName], [PermissionName]) VALUES (N'OPERATIONAL DIRECTOR', N'Update Supercede documents ')
INSERT [Common].[PermissionsInRoles] ([RoleName], [PermissionName]) VALUES (N'OPERATIONAL DIRECTOR', N'Upload Documents')
INSERT [Common].[PermissionsInRoles] ([RoleName], [PermissionName]) VALUES (N'OPERATIONAL DIRECTOR', N'Upload Supercede documents ')
INSERT [Common].[PermissionsInRoles] ([RoleName], [PermissionName]) VALUES (N'OPERATIONAL DIRECTOR', N'View customer details')
INSERT [Common].[PermissionsInRoles] ([RoleName], [PermissionName]) VALUES (N'OPERATIONAL DIRECTOR', N'View documents')
INSERT [Common].[PermissionsInRoles] ([RoleName], [PermissionName]) VALUES (N'OPERATIONAL DIRECTOR', N'View installed base details')
INSERT [Common].[PermissionsInRoles] ([RoleName], [PermissionName]) VALUES (N'OPERATIONAL DIRECTOR', N'View Supercede documents ')
INSERT [Common].[PermissionsInRoles] ([RoleName], [PermissionName]) VALUES (N'REGIONAL SALES ACCOUNT MANAGER', N'View customer details')
INSERT [Common].[PermissionsInRoles] ([RoleName], [PermissionName]) VALUES (N'REGIONAL SALES ACCOUNT MANAGER', N'View documents')
INSERT [Common].[PermissionsInRoles] ([RoleName], [PermissionName]) VALUES (N'REGIONAL SALES ACCOUNT MANAGER', N'View installed base details')
INSERT [Common].[PermissionsInRoles] ([RoleName], [PermissionName]) VALUES (N'REGIONAL SALES REPRESENTATIVE', N'View customer details')
INSERT [Common].[PermissionsInRoles] ([RoleName], [PermissionName]) VALUES (N'REGIONAL SALES REPRESENTATIVE', N'View documents')
INSERT [Common].[PermissionsInRoles] ([RoleName], [PermissionName]) VALUES (N'REGIONAL SALES REPRESENTATIVE', N'View installed base details')
INSERT [Common].[PermissionsInRoles] ([RoleName], [PermissionName]) VALUES (N'REGIONAL TECHNICAL INSPECTOR', N'Create installed base details')
INSERT [Common].[PermissionsInRoles] ([RoleName], [PermissionName]) VALUES (N'REGIONAL TECHNICAL INSPECTOR', N'Update documents')
INSERT [Common].[PermissionsInRoles] ([RoleName], [PermissionName]) VALUES (N'REGIONAL TECHNICAL INSPECTOR', N'Update installed base details')
INSERT [Common].[PermissionsInRoles] ([RoleName], [PermissionName]) VALUES (N'REGIONAL TECHNICAL INSPECTOR', N'Update Supercede documents ')
INSERT [Common].[PermissionsInRoles] ([RoleName], [PermissionName]) VALUES (N'REGIONAL TECHNICAL INSPECTOR', N'Upload Documents')
INSERT [Common].[PermissionsInRoles] ([RoleName], [PermissionName]) VALUES (N'REGIONAL TECHNICAL INSPECTOR', N'Upload Supercede documents ')
INSERT [Common].[PermissionsInRoles] ([RoleName], [PermissionName]) VALUES (N'REGIONAL TECHNICAL INSPECTOR', N'View customer details')
INSERT [Common].[PermissionsInRoles] ([RoleName], [PermissionName]) VALUES (N'REGIONAL TECHNICAL INSPECTOR', N'View documents')
INSERT [Common].[PermissionsInRoles] ([RoleName], [PermissionName]) VALUES (N'REGIONAL TECHNICAL INSPECTOR', N'View installed base details')
INSERT [Common].[PermissionsInRoles] ([RoleName], [PermissionName]) VALUES (N'REGIONAL TECHNICAL INSPECTOR', N'View Supercede documents ')
GO
print 'Processed 200 total records'
INSERT [Common].[PermissionsInRoles] ([RoleName], [PermissionName]) VALUES (N'REGIONAL TECHNICAL INSPECTOR MANAGER', N'Create customer details')
INSERT [Common].[PermissionsInRoles] ([RoleName], [PermissionName]) VALUES (N'REGIONAL TECHNICAL INSPECTOR MANAGER', N'Create installed base details')
INSERT [Common].[PermissionsInRoles] ([RoleName], [PermissionName]) VALUES (N'REGIONAL TECHNICAL INSPECTOR MANAGER', N'Update documents')
INSERT [Common].[PermissionsInRoles] ([RoleName], [PermissionName]) VALUES (N'REGIONAL TECHNICAL INSPECTOR MANAGER', N'Update installed base details')
INSERT [Common].[PermissionsInRoles] ([RoleName], [PermissionName]) VALUES (N'REGIONAL TECHNICAL INSPECTOR MANAGER', N'Update Supercede documents ')
INSERT [Common].[PermissionsInRoles] ([RoleName], [PermissionName]) VALUES (N'REGIONAL TECHNICAL INSPECTOR MANAGER', N'Upload Documents')
INSERT [Common].[PermissionsInRoles] ([RoleName], [PermissionName]) VALUES (N'REGIONAL TECHNICAL INSPECTOR MANAGER', N'Upload Supercede documents ')
INSERT [Common].[PermissionsInRoles] ([RoleName], [PermissionName]) VALUES (N'REGIONAL TECHNICAL INSPECTOR MANAGER', N'View customer details')
INSERT [Common].[PermissionsInRoles] ([RoleName], [PermissionName]) VALUES (N'REGIONAL TECHNICAL INSPECTOR MANAGER', N'View documents')
INSERT [Common].[PermissionsInRoles] ([RoleName], [PermissionName]) VALUES (N'REGIONAL TECHNICAL INSPECTOR MANAGER', N'View installed base details')
INSERT [Common].[PermissionsInRoles] ([RoleName], [PermissionName]) VALUES (N'REGIONAL TECHNICAL INSPECTOR MANAGER', N'View Supercede documents ')
INSERT [Common].[PermissionsInRoles] ([RoleName], [PermissionName]) VALUES (N'SERVICE DEPARTMENT CLERKS', N'View customer details')
INSERT [Common].[PermissionsInRoles] ([RoleName], [PermissionName]) VALUES (N'SERVICE DEPARTMENT CLERKS', N'View documents')
INSERT [Common].[PermissionsInRoles] ([RoleName], [PermissionName]) VALUES (N'SERVICE DEPARTMENT CLERKS', N'View installed base details')
INSERT [Common].[PermissionsInRoles] ([RoleName], [PermissionName]) VALUES (N'SPECTRUM SYSTEM ADMINISTRATOR', N'Create customer details')
INSERT [Common].[PermissionsInRoles] ([RoleName], [PermissionName]) VALUES (N'SPECTRUM SYSTEM ADMINISTRATOR', N'Create installed base details')
INSERT [Common].[PermissionsInRoles] ([RoleName], [PermissionName]) VALUES (N'SPECTRUM SYSTEM ADMINISTRATOR', N'Update customer details')
INSERT [Common].[PermissionsInRoles] ([RoleName], [PermissionName]) VALUES (N'SPECTRUM SYSTEM ADMINISTRATOR', N'Update documents')
INSERT [Common].[PermissionsInRoles] ([RoleName], [PermissionName]) VALUES (N'SPECTRUM SYSTEM ADMINISTRATOR', N'Update installed base details')
INSERT [Common].[PermissionsInRoles] ([RoleName], [PermissionName]) VALUES (N'SPECTRUM SYSTEM ADMINISTRATOR', N'Update Supercede documents ')
INSERT [Common].[PermissionsInRoles] ([RoleName], [PermissionName]) VALUES (N'SPECTRUM SYSTEM ADMINISTRATOR', N'Upload Documents')
INSERT [Common].[PermissionsInRoles] ([RoleName], [PermissionName]) VALUES (N'SPECTRUM SYSTEM ADMINISTRATOR', N'Upload Supercede documents ')
INSERT [Common].[PermissionsInRoles] ([RoleName], [PermissionName]) VALUES (N'SPECTRUM SYSTEM ADMINISTRATOR', N'View customer details')
INSERT [Common].[PermissionsInRoles] ([RoleName], [PermissionName]) VALUES (N'SPECTRUM SYSTEM ADMINISTRATOR', N'View documents')
INSERT [Common].[PermissionsInRoles] ([RoleName], [PermissionName]) VALUES (N'SPECTRUM SYSTEM ADMINISTRATOR', N'View installed base details')
INSERT [Common].[PermissionsInRoles] ([RoleName], [PermissionName]) VALUES (N'SPECTRUM SYSTEM ADMINISTRATOR', N'View Supercede documents ')
INSERT [Common].[PermissionsInRoles] ([RoleName], [PermissionName]) VALUES (N'SYSTEM ADMINISTRATOR', N'Create customer details')
INSERT [Common].[PermissionsInRoles] ([RoleName], [PermissionName]) VALUES (N'SYSTEM ADMINISTRATOR', N'Create installed base details')
INSERT [Common].[PermissionsInRoles] ([RoleName], [PermissionName]) VALUES (N'SYSTEM ADMINISTRATOR', N'Update customer details')
INSERT [Common].[PermissionsInRoles] ([RoleName], [PermissionName]) VALUES (N'SYSTEM ADMINISTRATOR', N'Update documents')
INSERT [Common].[PermissionsInRoles] ([RoleName], [PermissionName]) VALUES (N'SYSTEM ADMINISTRATOR', N'Update installed base details')
INSERT [Common].[PermissionsInRoles] ([RoleName], [PermissionName]) VALUES (N'SYSTEM ADMINISTRATOR', N'Update Supercede documents ')
INSERT [Common].[PermissionsInRoles] ([RoleName], [PermissionName]) VALUES (N'SYSTEM ADMINISTRATOR', N'Upload Documents')
INSERT [Common].[PermissionsInRoles] ([RoleName], [PermissionName]) VALUES (N'SYSTEM ADMINISTRATOR', N'Upload Supercede documents ')
INSERT [Common].[PermissionsInRoles] ([RoleName], [PermissionName]) VALUES (N'SYSTEM ADMINISTRATOR', N'View customer details')
INSERT [Common].[PermissionsInRoles] ([RoleName], [PermissionName]) VALUES (N'SYSTEM ADMINISTRATOR', N'View documents')
INSERT [Common].[PermissionsInRoles] ([RoleName], [PermissionName]) VALUES (N'SYSTEM ADMINISTRATOR', N'View installed base details')
INSERT [Common].[PermissionsInRoles] ([RoleName], [PermissionName]) VALUES (N'SYSTEM ADMINISTRATOR', N'View Supercede documents ')
INSERT [Common].[PermissionsInRoles] ([RoleName], [PermissionName]) VALUES (N'TENDER DEPARTMENT CLERKS', N'Update documents')
INSERT [Common].[PermissionsInRoles] ([RoleName], [PermissionName]) VALUES (N'TENDER DEPARTMENT CLERKS', N'Update Supercede documents ')
INSERT [Common].[PermissionsInRoles] ([RoleName], [PermissionName]) VALUES (N'TENDER DEPARTMENT CLERKS', N'Upload Documents')
INSERT [Common].[PermissionsInRoles] ([RoleName], [PermissionName]) VALUES (N'TENDER DEPARTMENT CLERKS', N'Upload Supercede documents ')
INSERT [Common].[PermissionsInRoles] ([RoleName], [PermissionName]) VALUES (N'TENDER DEPARTMENT CLERKS', N'View customer details')
INSERT [Common].[PermissionsInRoles] ([RoleName], [PermissionName]) VALUES (N'TENDER DEPARTMENT CLERKS', N'View documents')
INSERT [Common].[PermissionsInRoles] ([RoleName], [PermissionName]) VALUES (N'TENDER DEPARTMENT CLERKS', N'View installed base details')
INSERT [Common].[PermissionsInRoles] ([RoleName], [PermissionName]) VALUES (N'TENDER DEPARTMENT CLERKS', N'View Supercede documents ')
/****** Object:  Table [Common].[MenuItemsInRoles]    Script Date: 01/11/2016 07:51:59 ******/
INSERT [Common].[MenuItemsInRoles] ([RoleName], [MenuItemID]) VALUES (N'SPECTRUM SYSTEM ADMINISTRATOR', 1)
INSERT [Common].[MenuItemsInRoles] ([RoleName], [MenuItemID]) VALUES (N'SPECTRUM SYSTEM ADMINISTRATOR', 2)
INSERT [Common].[MenuItemsInRoles] ([RoleName], [MenuItemID]) VALUES (N'SPECTRUM SYSTEM ADMINISTRATOR', 3)
INSERT [Common].[MenuItemsInRoles] ([RoleName], [MenuItemID]) VALUES (N'Dev', 1)
INSERT [Common].[MenuItemsInRoles] ([RoleName], [MenuItemID]) VALUES (N'Dev', 2)
INSERT [Common].[MenuItemsInRoles] ([RoleName], [MenuItemID]) VALUES (N'Dev', 3)
/****** Object:  Table [Common].[SubMenuItems]    Script Date: 01/11/2016 07:51:59 ******/
SET IDENTITY_INSERT [Common].[SubMenuItems] ON
INSERT [Common].[SubMenuItems] ([ID], [menuItemID], [SubMenuItemLabel], [SubMenuItemRelativeUrl], [DisplayOrder]) VALUES (1, 1, N'Customers', N'~/Pages/Customers/Customers.aspx', 100)
INSERT [Common].[SubMenuItems] ([ID], [menuItemID], [SubMenuItemLabel], [SubMenuItemRelativeUrl], [DisplayOrder]) VALUES (3, 1, N'Installed Equipment', N'~/Pages/InstalledBase/Rooms.aspx', 300)
INSERT [Common].[SubMenuItems] ([ID], [menuItemID], [SubMenuItemLabel], [SubMenuItemRelativeUrl], [DisplayOrder]) VALUES (4, 2, N'Documents', N'~/Pages/Documents/Documents.aspx', 100)
INSERT [Common].[SubMenuItems] ([ID], [menuItemID], [SubMenuItemLabel], [SubMenuItemRelativeUrl], [DisplayOrder]) VALUES (5, 2, N'Upload', N'~/Pages/Documents/DocumentCreate.aspx', 200)
INSERT [Common].[SubMenuItems] ([ID], [menuItemID], [SubMenuItemLabel], [SubMenuItemRelativeUrl], [DisplayOrder]) VALUES (6, 3, N'Lookups', N'~/Pages/Admin/Branches.aspx', 10)
INSERT [Common].[SubMenuItems] ([ID], [menuItemID], [SubMenuItemLabel], [SubMenuItemRelativeUrl], [DisplayOrder]) VALUES (7, 3, N'Users', N'~/Pages/Admin/Users.aspx', 20)
INSERT [Common].[SubMenuItems] ([ID], [menuItemID], [SubMenuItemLabel], [SubMenuItemRelativeUrl], [DisplayOrder]) VALUES (9, 4, N'Home', N'~/Home/', 10)
SET IDENTITY_INSERT [Common].[SubMenuItems] OFF
/****** Object:  Table [Common].[TabMenuItems]    Script Date: 01/11/2016 07:51:59 ******/
SET IDENTITY_INSERT [Common].[TabMenuItems] ON
INSERT [Common].[TabMenuItems] ([ID], [subMenuID], [TabMenuItemLabel], [TabMenuItemRelativeUrl], [DisplayOrder]) VALUES (1, 6, N'Branches', N'~/Pages/Admin/Branches.aspx', 10)
INSERT [Common].[TabMenuItems] ([ID], [subMenuID], [TabMenuItemLabel], [TabMenuItemRelativeUrl], [DisplayOrder]) VALUES (2, 6, N'Countries', N'~/Pages/Admin/Countries.aspx', 20)
INSERT [Common].[TabMenuItems] ([ID], [subMenuID], [TabMenuItemLabel], [TabMenuItemRelativeUrl], [DisplayOrder]) VALUES (3, 6, N'Customer Types', N'~/Pages/Admin/CustomerTypes.aspx', 30)
INSERT [Common].[TabMenuItems] ([ID], [subMenuID], [TabMenuItemLabel], [TabMenuItemRelativeUrl], [DisplayOrder]) VALUES (4, 6, N'Document Types', N'~/Pages/Admin/DocumentTypes.aspx', 40)
INSERT [Common].[TabMenuItems] ([ID], [subMenuID], [TabMenuItemLabel], [TabMenuItemRelativeUrl], [DisplayOrder]) VALUES (5, 6, N'Provinces', N'~/Pages/Admin/Provinces.aspx', 50)
INSERT [Common].[TabMenuItems] ([ID], [subMenuID], [TabMenuItemLabel], [TabMenuItemRelativeUrl], [DisplayOrder]) VALUES (6, 6, N'Suppliers', N'~/Pages/Admin/Suppliers.aspx', 60)
INSERT [Common].[TabMenuItems] ([ID], [subMenuID], [TabMenuItemLabel], [TabMenuItemRelativeUrl], [DisplayOrder]) VALUES (7, 6, N'Market Segments', N'~/Pages/Admin/MarketSegments.aspx', 70)
INSERT [Common].[TabMenuItems] ([ID], [subMenuID], [TabMenuItemLabel], [TabMenuItemRelativeUrl], [DisplayOrder]) VALUES (8, 6, N'Models', N'~/Pages/Admin/BrandModel.aspx', 80)
INSERT [Common].[TabMenuItems] ([ID], [subMenuID], [TabMenuItemLabel], [TabMenuItemRelativeUrl], [DisplayOrder]) VALUES (9, 6, N'Sub-Modalities', N'~/Pages/Admin/SubModality.aspx', 90)
INSERT [Common].[TabMenuItems] ([ID], [subMenuID], [TabMenuItemLabel], [TabMenuItemRelativeUrl], [DisplayOrder]) VALUES (10, 6, N'Modalities', N'~/Pages/Admin/Modality.aspx', 100)
INSERT [Common].[TabMenuItems] ([ID], [subMenuID], [TabMenuItemLabel], [TabMenuItemRelativeUrl], [DisplayOrder]) VALUES (14, 7, N'Users', N'~/Pages/Admin/Users.aspx', 10)
INSERT [Common].[TabMenuItems] ([ID], [subMenuID], [TabMenuItemLabel], [TabMenuItemRelativeUrl], [DisplayOrder]) VALUES (16, 7, N'Roles', N'~/Pages/Admin/Roles.aspx', 20)
INSERT [Common].[TabMenuItems] ([ID], [subMenuID], [TabMenuItemLabel], [TabMenuItemRelativeUrl], [DisplayOrder]) VALUES (18, 6, N'Device Types', N'~/Pages/Admin/DeviceTypes.aspx', 120)
INSERT [Common].[TabMenuItems] ([ID], [subMenuID], [TabMenuItemLabel], [TabMenuItemRelativeUrl], [DisplayOrder]) VALUES (20, 6, N'Hospital Departments', N'~/Pages/Customers/HospitalDepartments.aspx', 140)
INSERT [Common].[TabMenuItems] ([ID], [subMenuID], [TabMenuItemLabel], [TabMenuItemRelativeUrl], [DisplayOrder]) VALUES (21, 6, N'Document Type Categories', N'~/Pages/Admin/DocumentTypeCategories.aspx', 41)
INSERT [Common].[TabMenuItems] ([ID], [subMenuID], [TabMenuItemLabel], [TabMenuItemRelativeUrl], [DisplayOrder]) VALUES (22, 6, N'Document Search Fields', N'~/Pages/Admin/DocumentMetaFields.aspx', 45)
INSERT [Common].[TabMenuItems] ([ID], [subMenuID], [TabMenuItemLabel], [TabMenuItemRelativeUrl], [DisplayOrder]) VALUES (23, 6, N'Currencies', N'~/Pages/Admin/Currencies.aspx', 25)
INSERT [Common].[TabMenuItems] ([ID], [subMenuID], [TabMenuItemLabel], [TabMenuItemRelativeUrl], [DisplayOrder]) VALUES (24, 7, N'Permissions', N'~/Pages/Admin/Permissions.aspx', 30)
SET IDENTITY_INSERT [Common].[TabMenuItems] OFF
/****** Object:  Table [Common].[SubMenuItemsInRoles]    Script Date: 01/11/2016 07:51:59 ******/
INSERT [Common].[SubMenuItemsInRoles] ([RoleName], [SubMenuItemID]) VALUES (N'SPECTRUM SYSTEM ADMINISTRATOR', 1)
INSERT [Common].[SubMenuItemsInRoles] ([RoleName], [SubMenuItemID]) VALUES (N'Dev', 1)
INSERT [Common].[SubMenuItemsInRoles] ([RoleName], [SubMenuItemID]) VALUES (N'SPECTRUM SYSTEM ADMINISTRATOR', 3)
INSERT [Common].[SubMenuItemsInRoles] ([RoleName], [SubMenuItemID]) VALUES (N'SPECTRUM SYSTEM ADMINISTRATOR', 4)
INSERT [Common].[SubMenuItemsInRoles] ([RoleName], [SubMenuItemID]) VALUES (N'SPECTRUM SYSTEM ADMINISTRATOR', 5)
INSERT [Common].[SubMenuItemsInRoles] ([RoleName], [SubMenuItemID]) VALUES (N'SPECTRUM SYSTEM ADMINISTRATOR', 6)
INSERT [Common].[SubMenuItemsInRoles] ([RoleName], [SubMenuItemID]) VALUES (N'SPECTRUM SYSTEM ADMINISTRATOR', 7)
INSERT [Common].[SubMenuItemsInRoles] ([RoleName], [SubMenuItemID]) VALUES (N'Dev', 3)
INSERT [Common].[SubMenuItemsInRoles] ([RoleName], [SubMenuItemID]) VALUES (N'Dev', 4)
INSERT [Common].[SubMenuItemsInRoles] ([RoleName], [SubMenuItemID]) VALUES (N'Dev', 5)
INSERT [Common].[SubMenuItemsInRoles] ([RoleName], [SubMenuItemID]) VALUES (N'Dev', 6)
INSERT [Common].[SubMenuItemsInRoles] ([RoleName], [SubMenuItemID]) VALUES (N'Dev', 7)
/****** Object:  Table [Common].[TabMenuItemsInRoles]    Script Date: 01/11/2016 07:51:59 ******/
INSERT [Common].[TabMenuItemsInRoles] ([RoleName], [TabMenuID]) VALUES (N'SPECTRUM SYSTEM ADMINISTRATOR', 24)
INSERT [Common].[TabMenuItemsInRoles] ([RoleName], [TabMenuID]) VALUES (N'SPECTRUM SYSTEM ADMINISTRATOR', 1)
INSERT [Common].[TabMenuItemsInRoles] ([RoleName], [TabMenuID]) VALUES (N'SPECTRUM SYSTEM ADMINISTRATOR', 2)
INSERT [Common].[TabMenuItemsInRoles] ([RoleName], [TabMenuID]) VALUES (N'SPECTRUM SYSTEM ADMINISTRATOR', 3)
INSERT [Common].[TabMenuItemsInRoles] ([RoleName], [TabMenuID]) VALUES (N'SPECTRUM SYSTEM ADMINISTRATOR', 4)
INSERT [Common].[TabMenuItemsInRoles] ([RoleName], [TabMenuID]) VALUES (N'SPECTRUM SYSTEM ADMINISTRATOR', 5)
INSERT [Common].[TabMenuItemsInRoles] ([RoleName], [TabMenuID]) VALUES (N'SPECTRUM SYSTEM ADMINISTRATOR', 6)
INSERT [Common].[TabMenuItemsInRoles] ([RoleName], [TabMenuID]) VALUES (N'SPECTRUM SYSTEM ADMINISTRATOR', 7)
INSERT [Common].[TabMenuItemsInRoles] ([RoleName], [TabMenuID]) VALUES (N'SPECTRUM SYSTEM ADMINISTRATOR', 8)
INSERT [Common].[TabMenuItemsInRoles] ([RoleName], [TabMenuID]) VALUES (N'SPECTRUM SYSTEM ADMINISTRATOR', 9)
INSERT [Common].[TabMenuItemsInRoles] ([RoleName], [TabMenuID]) VALUES (N'SPECTRUM SYSTEM ADMINISTRATOR', 10)
INSERT [Common].[TabMenuItemsInRoles] ([RoleName], [TabMenuID]) VALUES (N'SPECTRUM SYSTEM ADMINISTRATOR', 14)
INSERT [Common].[TabMenuItemsInRoles] ([RoleName], [TabMenuID]) VALUES (N'Dev', 24)
INSERT [Common].[TabMenuItemsInRoles] ([RoleName], [TabMenuID]) VALUES (N'SPECTRUM SYSTEM ADMINISTRATOR', 16)
INSERT [Common].[TabMenuItemsInRoles] ([RoleName], [TabMenuID]) VALUES (N'SPECTRUM SYSTEM ADMINISTRATOR', 18)
INSERT [Common].[TabMenuItemsInRoles] ([RoleName], [TabMenuID]) VALUES (N'SPECTRUM SYSTEM ADMINISTRATOR', 20)
INSERT [Common].[TabMenuItemsInRoles] ([RoleName], [TabMenuID]) VALUES (N'SPECTRUM SYSTEM ADMINISTRATOR', 21)
INSERT [Common].[TabMenuItemsInRoles] ([RoleName], [TabMenuID]) VALUES (N'SPECTRUM SYSTEM ADMINISTRATOR', 22)
INSERT [Common].[TabMenuItemsInRoles] ([RoleName], [TabMenuID]) VALUES (N'Dev', 1)
INSERT [Common].[TabMenuItemsInRoles] ([RoleName], [TabMenuID]) VALUES (N'Dev', 2)
INSERT [Common].[TabMenuItemsInRoles] ([RoleName], [TabMenuID]) VALUES (N'Dev', 3)
INSERT [Common].[TabMenuItemsInRoles] ([RoleName], [TabMenuID]) VALUES (N'Dev', 4)
INSERT [Common].[TabMenuItemsInRoles] ([RoleName], [TabMenuID]) VALUES (N'Dev', 5)
INSERT [Common].[TabMenuItemsInRoles] ([RoleName], [TabMenuID]) VALUES (N'Dev', 6)
INSERT [Common].[TabMenuItemsInRoles] ([RoleName], [TabMenuID]) VALUES (N'Dev', 7)
INSERT [Common].[TabMenuItemsInRoles] ([RoleName], [TabMenuID]) VALUES (N'Dev', 8)
INSERT [Common].[TabMenuItemsInRoles] ([RoleName], [TabMenuID]) VALUES (N'Dev', 9)
INSERT [Common].[TabMenuItemsInRoles] ([RoleName], [TabMenuID]) VALUES (N'Dev', 10)
INSERT [Common].[TabMenuItemsInRoles] ([RoleName], [TabMenuID]) VALUES (N'Dev', 14)
INSERT [Common].[TabMenuItemsInRoles] ([RoleName], [TabMenuID]) VALUES (N'Dev', 16)
INSERT [Common].[TabMenuItemsInRoles] ([RoleName], [TabMenuID]) VALUES (N'Dev', 18)
INSERT [Common].[TabMenuItemsInRoles] ([RoleName], [TabMenuID]) VALUES (N'Dev', 20)
INSERT [Common].[TabMenuItemsInRoles] ([RoleName], [TabMenuID]) VALUES (N'Dev', 21)
INSERT [Common].[TabMenuItemsInRoles] ([RoleName], [TabMenuID]) VALUES (N'Dev', 22)
